FirstName,LastName,Username,Password,Email,Department,JobTitle,Manager,OfficePhone,MobilePhone,EmployeeID,EmployeeType,Office,StreetAddress,City,State,PostalCode,Country,StartDate,ExpirationDate,Groups,HomeDirectory,ProfilePath,Description,Enabled
John,Smith,jsmith,P@ssw0rd123!,jsmith@company.com,Information Technology,Systems Administrator,mwilson,555-0100,555-0101,EMP001,FullTime,HQ-Building A,123 Corporate Drive,New York,NY,10001,US,2024-02-01,,IT-Staff;VPN-Users;RemoteDesktop-Users,\\fileserver\users\jsmith,\\fileserver\profiles\jsmith,IT Systems Administrator,TRUE
Jane,Doe,jdoe,P@ssw0rd123!,jdoe@company.com,Human Resources,HR Coordinator,sjohnson,555-0102,555-0103,EMP002,FullTime,HQ-Building A,123 Corporate Drive,New York,NY,10001,US,2024-02-01,,HR-Staff;Benefits-Access,\\fileserver\users\jdoe,\\fileserver\profiles\jdoe,Human Resources Coordinator,TRUE
Robert,Johnson,rjohnson,P@ssw0rd123!,rjohnson@company.com,Finance,Financial Analyst,dwilliams,555-0104,555-0105,EMP003,FullTime,HQ-Building B,456 Finance Way,New York,NY,10002,US,2024-02-15,,Finance-Staff;Budget-Access;Reports-Users,\\fileserver\users\rjohnson,\\fileserver\profiles\rjohnson,Senior Financial Analyst,TRUE
Emily,Williams,ewilliams,P@ssw0rd123!,ewilliams@company.com,Marketing,Marketing Specialist,lbrown,555-0106,555-0107,EMP004,FullTime,HQ-Building A,123 Corporate Drive,New York,NY,10001,US,2024-02-15,,Marketing-Staff;SocialMedia-Access;Creative-Team,\\fileserver\users\ewilliams,\\fileserver\profiles\ewilliams,Digital Marketing Specialist,TRUE
Michael,Brown,mbrown,P@ssw0rd123!,mbrown@company.com,Sales,Sales Representative,jmiller,555-0108,555-0109,EMP005,FullTime,Branch-West,789 Sales Blvd,Los Angeles,CA,90001,US,2024-03-01,,Sales-Staff;CRM-Users;VPN-Users,\\fileserver\users\mbrown,\\fileserver\profiles\mbrown,Regional Sales Representative,TRUE
Sarah,Davis,sdavis,P@ssw0rd123!,sdavis@company.com,Engineering,Software Developer,tanderson,555-0110,555-0111,EMP006,FullTime,HQ-Building C,321 Tech Park,New York,NY,10003,US,2024-03-01,,Engineering-Staff;Developers;Git-Users;Azure-DevOps,\\fileserver\users\sdavis,\\fileserver\profiles\sdavis,Junior Software Developer,TRUE
David,Miller,dmiller,P@ssw0rd123!,dmiller@company.com,Operations,Operations Manager,cthomas,555-0112,555-0113,EMP007,FullTime,Warehouse-East,555 Logistics Ave,Newark,NJ,07101,US,2024-03-15,,Operations-Staff;Inventory-Access;Shipping-Users,\\fileserver\users\dmiller,\\fileserver\profiles\dmiller,Operations Manager - East Region,TRUE
Jennifer,Wilson,jwilson,P@ssw0rd123!,jwilson@company.com,Customer Service,Support Specialist,kgarcia,555-0114,555-0115,EMP008,FullTime,HQ-Building A,123 Corporate Drive,New York,NY,10001,US,2024-03-15,,Support-Staff;Helpdesk-Users;CRM-Users,\\fileserver\users\jwilson,\\fileserver\profiles\jwilson,Customer Support Specialist,TRUE
Christopher,Taylor,ctaylor,P@ssw0rd123!,ctaylor@company.com,Information Technology,Network Engineer,mwilson,555-0116,555-0117,EMP009,FullTime,HQ-Building A,123 Corporate Drive,New York,NY,10001,US,2024-04-01,,IT-Staff;Network-Admins;VPN-Users;Firewall-Access,\\fileserver\users\ctaylor,\\fileserver\profiles\ctaylor,Senior Network Engineer,TRUE
Amanda,Anderson,aanderson,P@ssw0rd123!,aanderson@company.com,Legal,Legal Counsel,rmartin,555-0118,555-0119,EMP010,FullTime,HQ-Building B,456 Finance Way,New York,NY,10002,US,2024-04-01,,Legal-Staff;Compliance-Access;Confidential-Docs,\\fileserver\users\aanderson,\\fileserver\profiles\aanderson,Associate Legal Counsel,TRUE
James,Thomas,jthomas,P@ssw0rd123!,jthomas@company.com,Engineering,DevOps Engineer,tanderson,555-0120,555-0121,EMP011,FullTime,HQ-Building C,321 Tech Park,New York,NY,10003,US,2024-04-15,,Engineering-Staff;DevOps-Team;Azure-Admins;AWS-Users,\\fileserver\users\jthomas,\\fileserver\profiles\jthomas,Senior DevOps Engineer,TRUE
Jessica,Jackson,jjackson,P@ssw0rd123!,jjackson@company.com,Human Resources,HR Manager,cexecutive,555-0122,555-0123,EMP012,FullTime,HQ-Building A,123 Corporate Drive,New York,NY,10001,US,2024-04-15,,HR-Staff;HR-Managers;Payroll-Access;Benefits-Admin,\\fileserver\users\jjackson,\\fileserver\profiles\jjackson,Human Resources Manager,TRUE
Daniel,White,dwhite,P@ssw0rd123!,dwhite@company.com,Finance,Accountant,dwilliams,555-0124,555-0125,EMP013,FullTime,HQ-Building B,456 Finance Way,New York,NY,10002,US,2024-05-01,,Finance-Staff;Accounting-Users;AP-Access,\\fileserver\users\dwhite,\\fileserver\profiles\dwhite,Staff Accountant,TRUE
Ashley,Harris,aharris,P@ssw0rd123!,aharris@company.com,Marketing,Content Writer,lbrown,555-0126,555-0127,EMP014,FullTime,Remote,,,,,,US,2024-05-01,,Marketing-Staff;Content-Team;VPN-Users;Remote-Workers,\\fileserver\users\aharris,\\fileserver\profiles\aharris,Senior Content Writer - Remote,TRUE
Matthew,Martin,mmartin,P@ssw0rd123!,mmartin@company.com,Sales,Sales Manager,vpsales,555-0128,555-0129,EMP015,FullTime,Branch-West,789 Sales Blvd,Los Angeles,CA,90001,US,2024-05-15,,Sales-Staff;Sales-Managers;CRM-Admin;Reports-Users,\\fileserver\users\mmartin,\\fileserver\profiles\mmartin,Regional Sales Manager - West,TRUE
Stephanie,Garcia,sgarcia,P@ssw0rd123!,sgarcia@company.com,Customer Service,Support Manager,vpoperations,555-0130,555-0131,EMP016,FullTime,HQ-Building A,123 Corporate Drive,New York,NY,10001,US,2024-05-15,,Support-Staff;Support-Managers;CRM-Admin,\\fileserver\users\sgarcia,\\fileserver\profiles\sgarcia,Customer Support Manager,TRUE
Andrew,Martinez,amartinez,P@ssw0rd123!,amartinez@company.com,Engineering,QA Engineer,tanderson,555-0132,555-0133,EMP017,FullTime,HQ-Building C,321 Tech Park,New York,NY,10003,US,2024-06-01,,Engineering-Staff;QA-Team;Test-Environment,\\fileserver\users\amartinez,\\fileserver\profiles\amartinez,Quality Assurance Engineer,TRUE
Nicole,Robinson,nrobinson,P@ssw0rd123!,nrobinson@company.com,Administration,Executive Assistant,ceo,555-0134,555-0135,EMP018,FullTime,HQ-Executive,100 Executive Plaza,New York,NY,10001,US,2024-06-01,,Admin-Staff;Executive-Access;Calendar-Manage,\\fileserver\users\nrobinson,\\fileserver\profiles\nrobinson,Executive Assistant to CEO,TRUE
Ryan,Clark,rclark,P@ssw0rd123!,rclark@company.com,Information Technology,Security Analyst,mwilson,555-0136,555-0137,EMP019,FullTime,HQ-Building A,123 Corporate Drive,New York,NY,10001,US,2024-06-15,,IT-Staff;Security-Team;SIEM-Access;Audit-Users,\\fileserver\users\rclark,\\fileserver\profiles\rclark,Information Security Analyst,TRUE
Megan,Rodriguez,mrodriguez,P@ssw0rd123!,mrodriguez@company.com,Engineering,UI/UX Designer,tanderson,555-0138,555-0139,EMP020,FullTime,HQ-Building C,321 Tech Park,New York,NY,10003,US,2024-06-15,,Engineering-Staff;Design-Team;Creative-Apps,\\fileserver\users\mrodriguez,\\fileserver\profiles\mrodriguez,Senior UI/UX Designer,TRUE
Temp,User1,tuser1,TempP@ss1!,tuser1@company.com,Information Technology,IT Intern,mwilson,555-0140,,INT001,Intern,HQ-Building A,123 Corporate Drive,New York,NY,10001,US,2024-06-01,2024-08-31,Interns;IT-Interns;Limited-Access,,,IT Department Summer Intern,TRUE
Temp,User2,tuser2,TempP@ss2!,tuser2@company.com,Marketing,Marketing Intern,lbrown,555-0141,,INT002,Intern,HQ-Building A,123 Corporate Drive,New York,NY,10001,US,2024-06-01,2024-08-31,Interns;Marketing-Interns;Limited-Access,,,Marketing Department Summer Intern,TRUE
Contractor,One,contractor1,C0ntr@ct1!,contractor1@external.com,Engineering,External Developer,tanderson,,,CON001,Contractor,Remote,,,,,,US,2024-07-01,2024-12-31,Contractors;Dev-Contractors;VPN-Users;Limited-Git,,,External Development Contractor,TRUE
Contractor,Two,contractor2,C0ntr@ct2!,contractor2@external.com,Finance,External Auditor,dwilliams,,,CON002,Contractor,HQ-Building B,456 Finance Way,New York,NY,10002,US,2024-08-01,2024-10-31,Contractors;Audit-Contractors;ReadOnly-Finance,,,External Audit Contractor,TRUE
Service,Account1,svc_backup,Sv3P@ssw0rd!,,,Service Account,,,,SVC001,Service,,,,,,,,,Backup-Operators;Service-Accounts,,,Veeam Backup Service Account,TRUE
Service,Account2,svc_monitor,Sv3P@ssw0rd!,,,Service Account,,,,SVC002,Service,,,,,,,,,Monitoring-Service;Service-Accounts,,,System Monitoring Service Account,TRUE
